lockernum,written_lockernum,floor,reserved,sector,building,department
H3A001,1,3,0,A,HN,EIE
H3A002,2,3,0,A,HN,EIE
H3A003,3,3,0,A,HN,EIE
H3A004,4,3,0,A,HN,EIE
H3A005,5,3,0,A,HN,EIE
H3A006,6,3,0,A,HN,EIE
H3A007,7,3,0,A,HN,EIE
H3A008,8,3,0,A,HN,EIE
H3A009,9,3,0,A,HN,EIE
H3A010,10,3,0,A,HN,EIE
H3B011,11,3,0,B,HN,EIE
H3B012,12,3,0,B,HN,EIE
H3B013,13,3,0,B,HN,EIE
H3B014,14,3,0,B,HN,EIE
H3B015,15,3,0,B,HN,EIE
H3B016,16,3,0,B,HN,EIE
H3B017,17,3,0,B,HN,EIE
H3B018,18,3,0,B,HN,EIE
H3B019,19,3,0,B,HN,EIE
H3B020,20,3,0,B,HN,EIE
H3B021,21,3,0,B,HN,EIE
H3B022,22,3,0,B,HN,EIE
H3B023,23,3,0,B,HN,EIE
H3B024,24,3,0,B,HN,EIE
H3B025,25,3,0,B,HN,EIE
H3B026,26,3,0,B,HN,EIE
H3B027,27,3,0,B,HN,EIE
H3B028,28,3,0,B,HN,EIE
H3B029,29,3,0,B,HN,EIE
H3B030,30,3,0,B,HN,EIE
H3B031,31,3,0,B,HN,EIE
H3B032,32,3,0,B,HN,EIE
H3B033,33,3,0,B,HN,EIE
H3B034,34,3,0,B,HN,EIE
H3B035,35,3,0,B,HN,EIE
H3B036,36,3,0,B,HN,EIE
H3B037,37,3,0,B,HN,EIE
H3B038,38,3,0,B,HN,EIE
H3B039,39,3,0,B,HN,EIE
H3B040,40,3,0,B,HN,EIE
H3C041,41,3,0,C,HN,EIE
H3C042,42,3,0,C,HN,EIE
H3C043,43,3,0,C,HN,EIE
H3C044,44,3,0,C,HN,EIE
H3C045,45,3,0,C,HN,EIE
H3C046,46,3,0,C,HN,EIE
H3C047,47,3,0,C,HN,EIE
H3C048,48,3,0,C,HN,EIE
H3C049,49,3,0,C,HN,EIE
H3C050,50,3,0,C,HN,EIE
H3C051,51,3,0,C,HN,EIE
H3C052,52,3,0,C,HN,EIE
H3C053,53,3,0,C,HN,EIE
H3C054,54,3,0,C,HN,EIE
H3C055,55,3,0,C,HN,EIE
H3C056,56,3,0,C,HN,EIE
H3C057,57,3,0,C,HN,EIE
H3C058,58,3,0,C,HN,EIE
H3C059,59,3,0,C,HN,EIE
H3C060,60,3,0,C,HN,EIE
H3C061,61,3,0,C,HN,EIE
H3C062,62,3,0,C,HN,EIE
H3C063,63,3,0,C,HN,EIE
H3C064,64,3,0,C,HN,EIE
H3C065,65,3,0,C,HN,EIE
H3C066,66,3,0,C,HN,EIE
H3C067,67,3,0,C,HN,EIE
H3C068,68,3,0,C,HN,EIE
H3C069,69,3,0,C,HN,EIE
H3C070,70,3,0,C,HN,EIE
H3C071,71,3,0,C,HN,EIE
H3C072,72,3,0,C,HN,EIE
H3C073,73,3,0,C,HN,EIE
H3C074,74,3,0,C,HN,EIE
H3C075,75,3,0,C,HN,EIE
H3C076,76,3,0,C,HN,EIE
H3C077,77,3,0,C,HN,EIE
H3C078,78,3,0,C,HN,EIE
H3C079,79,3,0,C,HN,EIE
H3C080,80,3,0,C,HN,EIE
H3C081,81,3,0,C,HN,EIE
H3C082,82,3,0,C,HN,EIE
H3C083,83,3,0,C,HN,EIE
H3C084,84,3,0,C,HN,EIE
H3C085,85,3,0,C,HN,EIE
H3C086,86,3,0,C,HN,EIE
H3C087,87,3,0,C,HN,EIE
H3C088,88,3,0,C,HN,EIE
H3C089,89,3,0,C,HN,EIE
H3C090,90,3,0,C,HN,EIE
H3C091,91,3,0,C,HN,EIE
H3C092,92,3,0,C,HN,EIE
H3C093,93,3,0,C,HN,EIE
H3C094,94,3,0,C,HN,EIE
H3C095,95,3,0,C,HN,EIE
H3C096,96,3,0,C,HN,EIE
H3C097,97,3,0,C,HN,EIE
H3C098,98,3,0,C,HN,EIE
H3C099,99,3,0,C,HN,EIE
H3C100,100,3,0,C,HN,EIE
H3C101,101,3,0,C,HN,EIE
H3C102,102,3,0,C,HN,EIE
H3C103,103,3,0,C,HN,EIE
H3C104,104,3,0,C,HN,EIE
H3C105,105,3,0,C,HN,EIE
H3C106,106,3,0,C,HN,EIE
H3C107,107,3,0,C,HN,EIE
H3C108,108,3,0,C,HN,EIE
H3C109,109,3,0,C,HN,EIE
H3C110,110,3,0,C,HN,EIE
H3C111,111,3,0,C,HN,EIE
H3C112,112,3,0,C,HN,EIE
H3C113,113,3,0,C,HN,EIE
H3C114,114,3,0,C,HN,EIE
H3C115,115,3,0,C,HN,EIE
H3C116,116,3,0,C,HN,EIE
H3C117,117,3,0,C,HN,EIE
H3C118,118,3,0,C,HN,EIE
H3C119,119,3,0,C,HN,EIE
H3C120,120,3,0,C,HN,EIE
H3C121,121,3,0,C,HN,EIE
H3C122,122,3,0,C,HN,EIE
H3C123,123,3,0,C,HN,EIE
H3C124,124,3,0,C,HN,EIE
H3C125,125,3,0,C,HN,EIE
H3C126,126,3,0,C,HN,EIE
H3C127,127,3,0,C,HN,EIE
H3C128,128,3,0,C,HN,EIE
H3C129,129,3,0,C,HN,EIE
H3C130,130,3,0,C,HN,EIE
H3C131,131,3,0,C,HN,EIE
H3C132,132,3,0,C,HN,EIE
H3C133,133,3,0,C,HN,EIE
H3C134,134,3,0,C,HN,EIE
H3C135,135,3,0,C,HN,EIE
H3C136,136,3,0,C,HN,EIE
H3C137,137,3,0,C,HN,EIE
H3C138,138,3,0,C,HN,EIE
H3C139,139,3,0,C,HN,EIE
H3C140,140,3,0,C,HN,EIE
H3C141,141,3,0,C,HN,EIE
H3C142,142,3,0,C,HN,EIE
H3C143,143,3,0,C,HN,EIE
H3C144,144,3,0,C,HN,EIE
H3C145,145,3,0,C,HN,EIE
H3C146,146,3,0,C,HN,EIE
H3C147,147,3,0,C,HN,EIE
H3C148,148,3,0,C,HN,EIE
H3C149,149,3,0,C,HN,EIE
H3C150,150,3,0,C,HN,EIE
H3C151,151,3,0,C,HN,EIE
H3C152,152,3,0,C,HN,EIE
H3C153,153,3,0,C,HN,EIE
H3C154,154,3,0,C,HN,EIE
H3C155,155,3,0,C,HN,EIE
H3C156,156,3,0,C,HN,EIE
H3C157,157,3,0,C,HN,EIE
H3C158,158,3,0,C,HN,EIE
H3C159,159,3,0,C,HN,EIE
H3C160,160,3,0,C,HN,EIE
H3C161,161,3,0,C,HN,EIE
H3C162,162,3,0,C,HN,EIE
H3C163,163,3,0,C,HN,EIE
H3C164,164,3,0,C,HN,EIE
H3C165,165,3,0,C,HN,EIE
H3C166,166,3,0,C,HN,EIE
H3C167,167,3,0,C,HN,EIE
H3C168,168,3,0,C,HN,EIE
H3C169,169,3,0,C,HN,EIE
H3C170,170,3,0,C,HN,EIE
H3C171,171,3,0,C,HN,EIE
H3C172,172,3,0,C,HN,EIE
H3C173,173,3,0,C,HN,EIE
H3C174,174,3,0,C,HN,EIE
H3C175,175,3,0,C,HN,EIE
H3C176,176,3,0,C,HN,EIE
H3C177,177,3,0,C,HN,EIE
H3C178,178,3,0,C,HN,EIE
H3C179,179,3,0,C,HN,EIE
H3C180,180,3,0,C,HN,EIE
H3C181,181,3,0,C,HN,EIE
H3C182,182,3,0,C,HN,EIE
H3C183,183,3,0,C,HN,EIE
H3C184,184,3,0,C,HN,EIE
H3C185,185,3,0,C,HN,EIE
H3C186,186,3,0,C,HN,EIE
H3C187,187,3,0,C,HN,EIE
H3C188,188,3,0,C,HN,EIE
H3C189,189,3,0,C,HN,EIE
H3C190,190,3,0,C,HN,EIE
H3C191,191,3,0,C,HN,EIE
H3C192,192,3,0,C,HN,EIE
H3C193,193,3,0,C,HN,EIE
H3C194,194,3,0,C,HN,EIE
H3C195,195,3,0,C,HN,EIE
H3C196,196,3,0,C,HN,EIE
H3C197,197,3,0,C,HN,EIE
H3C198,198,3,0,C,HN,EIE
H3C199,199,3,0,C,HN,EIE
H3C200,200,3,0,C,HN,EIE
H3C201,201,3,0,C,HN,EIE
H3C202,202,3,0,C,HN,EIE
H3C203,203,3,0,C,HN,EIE
H3C204,204,3,0,C,HN,EIE
H3C205,205,3,0,C,HN,EIE
H3C206,206,3,0,C,HN,EIE
H3C207,207,3,0,C,HN,EIE
H3C208,208,3,0,C,HN,EIE
H3C209,209,3,0,C,HN,EIE
H3C210,210,3,0,C,HN,EIE
H3C211,211,3,0,C,HN,EIE
H3C212,212,3,0,C,HN,EIE
H3C213,213,3,0,C,HN,EIE
H3C214,214,3,0,C,HN,EIE
H3C215,215,3,0,C,HN,EIE
H3C216,216,3,0,C,HN,EIE
H3C217,217,3,0,C,HN,EIE
H3C218,218,3,0,C,HN,EIE
H3C219,219,3,0,C,HN,EIE
H3C220,220,3,0,C,HN,EIE
H3C221,221,3,0,C,HN,EIE
H3C222,222,3,0,C,HN,EIE
H3C223,223,3,0,C,HN,EIE
H3C224,224,3,0,C,HN,EIE
H3C225,225,3,0,C,HN,EIE
H3C226,226,3,0,C,HN,EIE
H3C227,227,3,0,C,HN,EIE
H3C228,228,3,0,C,HN,EIE
H3C229,229,3,0,C,HN,EIE
H3C230,230,3,0,C,HN,EIE
H3C231,231,3,0,C,HN,EIE
H3C232,232,3,0,C,HN,EIE
H3C233,233,3,0,C,HN,EIE
H3C234,234,3,0,C,HN,EIE
H3C235,235,3,0,C,HN,EIE
H3C236,236,3,0,C,HN,EIE
H3C237,237,3,0,C,HN,EIE
H3C238,238,3,0,C,HN,EIE
H3C239,239,3,0,C,HN,EIE
H3C240,240,3,0,C,HN,EIE
H3C241,241,3,0,C,HN,EIE
H3C242,242,3,0,C,HN,EIE
H3C243,243,3,,C,HN,EIE
H3C244,244,3,0,C,HN,EIE
H3C245,245,3,0,C,HN,EIE
H3C246,246,3,0,C,HN,EIE
H3C247,247,3,0,C,HN,EIE
H3C248,248,3,0,C,HN,EIE
H3C249,249,3,0,C,HN,EIE
H3C250,250,3,0,C,HN,EIE
H3C251,251,3,0,C,HN,EIE
H3C252,252,3,0,C,HN,EIE
H3C253,253,3,0,C,HN,EIE
H3C254,254,3,0,C,HN,EIE
H3C255,255,3,0,C,HN,EIE
H3C256,256,3,0,C,HN,EIE
H3C257,257,3,0,C,HN,EIE
H3C258,258,3,0,C,HN,EIE
H3C259,259,3,0,C,HN,EIE
H3C260,260,3,0,C,HN,EIE
H3C261,261,3,0,C,HN,EIE
H3C262,262,3,0,C,HN,EIE
H3C263,263,3,0,C,HN,EIE
H3C264,264,3,0,C,HN,EIE
H3C265,265,3,0,C,HN,EIE
H3C266,266,3,0,C,HN,EIE
H3C267,267,3,0,C,HN,EIE
H3C268,268,3,0,C,HN,EIE
H3C269,269,3,0,C,HN,EIE
H3C270,270,3,0,C,HN,EIE
H3C271,271,3,0,C,HN,EIE
H3C272,272,3,0,C,HN,EIE
H3C273,273,3,0,C,HN,EIE
H3C274,274,3,0,C,HN,EIE
H3C275,275,3,0,C,HN,EIE
H3C276,276,3,0,C,HN,EIE
H3C277,277,3,0,C,HN,EIE
H3C278,278,3,0,C,HN,EIE
H3C279,279,3,0,C,HN,EIE
H3C280,280,3,0,C,HN,EIE
H3C281,281,3,0,C,HN,EIE
H3C282,282,3,0,C,HN,EIE
H3C283,283,3,0,C,HN,EIE
H3C284,284,3,0,C,HN,EIE
H3C285,285,3,0,C,HN,EIE
H3C286,286,3,0,C,HN,EIE
H3C287,287,3,0,C,HN,EIE
H3C288,288,3,0,C,HN,EIE
H3C289,289,3,0,C,HN,EIE
H3C290,290,3,0,C,HN,EIE
H3C291,291,3,0,C,HN,EIE
H3C292,292,3,0,C,HN,EIE
H3C293,293,3,0,C,HN,EIE
H3C294,294,3,0,C,HN,EIE
H3C295,295,3,0,C,HN,EIE
H3C296,296,3,0,C,HN,EIE
H3C297,297,3,0,C,HN,EIE
H3C298,298,3,0,C,HN,EIE
H3C299,299,3,0,C,HN,EIE
H3C300,300,3,0,C,HN,EIE
H3D301,301,3,0,D,HN,EIE
H3D302,302,3,0,D,HN,EIE
H3D303,303,3,0,D,HN,EIE
H3D304,304,3,0,D,HN,EIE
H3D305,305,3,0,D,HN,EIE
H3D306,306,3,0,D,HN,EIE
H3D307,307,3,0,D,HN,EIE
H3D308,308,3,0,D,HN,EIE
H3D309,309,3,0,D,HN,EIE
H3D310,310,3,0,D,HN,EIE
H3D311,311,3,0,D,HN,EIE
H3D312,312,3,0,D,HN,EIE
H3D313,313,3,0,D,HN,EIE
H3D314,314,3,0,D,HN,EIE
H3D315,315,3,0,D,HN,EIE
H3D316,316,3,0,D,HN,EIE
H3D317,317,3,0,D,HN,EIE
H3D318,318,3,0,D,HN,EIE
H3D319,319,3,0,D,HN,EIE
H3D320,320,3,0,D,HN,EIE
H3D321,321,3,0,D,HN,EIE
H3D322,322,3,0,D,HN,EIE
H3D323,323,3,0,D,HN,EIE
H3D324,324,3,0,D,HN,EIE
H3D325,325,3,0,D,HN,EIE
H3D326,326,3,0,D,HN,EIE
H3D327,327,3,0,D,HN,EIE
H3D328,328,3,0,D,HN,EIE
H3D329,329,3,0,D,HN,EIE
H3D330,330,3,0,D,HN,EIE
H3D331,331,3,0,D,HN,EIE
H3D332,332,3,0,D,HN,EIE
H3D333,333,3,0,D,HN,EIE
H3D334,334,3,0,D,HN,EIE
H3D335,335,3,0,D,HN,EIE
H3D336,336,3,0,D,HN,EIE
H3D337,337,3,0,D,HN,EIE
H3D338,338,3,0,D,HN,EIE
H3D339,339,3,0,D,HN,EIE
H3D340,340,3,0,D,HN,EIE
H3E341,341,3,0,E,HN,EIE
H3E342,342,3,0,E,HN,EIE
H3E343,343,3,0,E,HN,EIE
H3E344,344,3,0,E,HN,EIE
H3E345,345,3,0,E,HN,EIE
H3E346,346,3,0,E,HN,EIE
H3E347,347,3,0,E,HN,EIE
H3E348,348,3,0,E,HN,EIE
H3E349,349,3,0,E,HN,EIE
H3E350,350,3,0,E,HN,EIE
H3E351,351,3,0,E,HN,EIE
H3E352,352,3,0,E,HN,EIE
H3E353,353,3,0,E,HN,EIE
H3E354,354,3,0,E,HN,EIE
H3E355,355,3,0,E,HN,EIE
H3E356,356,3,0,E,HN,EIE
H3E357,357,3,0,E,HN,EIE
H3E358,358,3,0,E,HN,EIE
H3E359,359,3,0,E,HN,EIE
H3E360,360,3,0,E,HN,EIE
H3E361,361,3,0,E,HN,EIE
H3E362,362,3,0,E,HN,EIE
H3E363,363,3,0,E,HN,EIE
H3E364,364,3,0,E,HN,EIE
H3E365,365,3,0,E,HN,EIE
H3E366,366,3,0,E,HN,EIE
H3E367,367,3,0,E,HN,EIE
H3E368,368,3,0,E,HN,EIE
H3E369,369,3,0,E,HN,EIE
H3E370,370,3,0,E,HN,EIE
H3E371,371,3,0,E,HN,EIE
H3E372,372,3,0,E,HN,EIE
H3E373,373,3,0,E,HN,EIE
H3E374,374,3,0,E,HN,EIE
H3E375,375,3,0,E,HN,EIE
H3E376,376,3,0,E,HN,EIE
H3E377,377,3,0,E,HN,EIE
H3E378,378,3,0,E,HN,EIE
H3E379,379,3,0,E,HN,EIE
H3E380,380,3,0,E,HN,EIE
H3E381,381,3,0,E,HN,EIE
H3E382,382,3,0,E,HN,EIE
H3E383,383,3,0,E,HN,EIE
H3E384,384,3,0,E,HN,EIE
H3E385,385,3,0,E,HN,EIE
H3E386,386,3,0,E,HN,EIE
H3E387,387,3,0,E,HN,EIE
H3E388,388,3,0,E,HN,EIE
H3E389,389,3,0,E,HN,EIE
H3E390,390,3,0,E,HN,EIE
H3E391,391,3,0,E,HN,EIE
H3E392,392,3,0,E,HN,EIE
H3E393,393,3,0,E,HN,EIE
H3E394,394,3,0,E,HN,EIE
H3E395,395,3,0,E,HN,EIE
H3E396,396,3,0,E,HN,EIE
H3E397,397,3,0,E,HN,EIE
H3E398,398,3,0,E,HN,EIE
H3E399,399,3,0,E,HN,EIE
H3E400,400,3,0,E,HN,EIE
H3F401,401,3,0,F,HN,EIE
H3F402,402,3,0,F,HN,EIE
H3F403,403,3,0,F,HN,EIE
H3F404,404,3,0,F,HN,EIE
H3F405,405,3,0,F,HN,EIE
H3F406,406,3,0,F,HN,EIE
H3F407,407,3,0,F,HN,EIE
H3F408,408,3,0,F,HN,EIE
H3F409,409,3,0,F,HN,EIE
H3F410,410,3,0,F,HN,EIE
H3F411,411,3,0,F,HN,EIE
H3F412,412,3,0,F,HN,EIE
H3F413,413,3,0,F,HN,EIE
H3F414,414,3,0,F,HN,EIE
H3F415,415,3,0,F,HN,EIE
H3F416,416,3,0,F,HN,EIE
H3F417,417,3,0,F,HN,EIE
H3F418,418,3,0,F,HN,EIE
H3F419,419,3,0,F,HN,EIE
H3F420,420,3,0,F,HN,EIE
H3F421,421,3,0,F,HN,EIE
H3F422,422,3,0,F,HN,EIE
H3F423,423,3,0,F,HN,EIE
H3F424,424,3,0,F,HN,EIE
H3F425,425,3,0,F,HN,EIE
H3F426,426,3,0,F,HN,EIE
H3F427,427,3,0,F,HN,EIE
H3F428,428,3,0,F,HN,EIE
H3F429,429,3,0,F,HN,EIE
H3F430,430,3,0,F,HN,EIE
H3F431,431,3,0,F,HN,EIE
H3F432,432,3,0,F,HN,EIE
H3F433,433,3,0,F,HN,EIE
H3F434,434,3,0,F,HN,EIE
H3F435,435,3,0,F,HN,EIE
H3F436,436,3,0,F,HN,EIE
H3F437,437,3,0,F,HN,EIE
H3F438,438,3,0,F,HN,EIE
H3F439,439,3,0,F,HN,EIE
H3F440,440,3,0,F,HN,EIE
H3F441,441,3,0,F,HN,EIE
H3F442,442,3,0,F,HN,EIE
H3F443,443,3,0,F,HN,EIE
H3F444,444,3,0,F,HN,EIE
H3F445,445,3,0,F,HN,EIE
H3F446,446,3,0,F,HN,EIE
H3F447,447,3,0,F,HN,EIE
H3F448,448,3,0,F,HN,EIE
H3F449,449,3,0,F,HN,EIE
H3F450,450,3,0,F,HN,EIE
H3F451,451,3,0,F,HN,EIE
H3F452,452,3,0,F,HN,EIE
H3F453,453,3,0,F,HN,EIE
H3F454,454,3,0,F,HN,EIE
H3F455,455,3,0,F,HN,EIE
H3F456,456,3,0,F,HN,EIE
H3F457,457,3,0,F,HN,EIE
H3F458,458,3,0,F,HN,EIE
H3F459,459,3,0,F,HN,EIE
H3F460,460,3,0,F,HN,EIE
H3G461,461,3,0,G,HN,EIE
H3G462,462,3,0,G,HN,EIE
H3G463,463,3,0,G,HN,EIE
H3G464,464,3,0,G,HN,EIE
H3G465,465,3,0,G,HN,EIE
H3G466,466,3,0,G,HN,EIE
H3G467,467,3,0,G,HN,EIE
H3G468,468,3,0,G,HN,EIE
H3G469,469,3,0,G,HN,EIE
H3G470,470,3,0,G,HN,EIE
H3G471,471,3,0,G,HN,EIE
H3G472,472,3,0,G,HN,EIE
H3G473,473,3,0,G,HN,EIE
H3G474,474,3,0,G,HN,EIE
H3G475,475,3,0,G,HN,EIE
H3G476,476,3,0,G,HN,EIE
H3G477,477,3,0,G,HN,EIE
H3G478,478,3,0,G,HN,EIE
H3G479,479,3,0,G,HN,EIE
H3G480,480,3,0,G,HN,EIE
H3G481,481,3,0,G,HN,EIE
H3G482,482,3,0,G,HN,EIE
H3G483,483,3,0,G,HN,EIE
H3G484,484,3,0,G,HN,EIE
H3G485,485,3,0,G,HN,EIE
H3G486,486,3,0,G,HN,EIE
H3G487,487,3,0,G,HN,EIE
H3G488,488,3,0,G,HN,EIE
H3G489,489,3,0,G,HN,EIE
H3G490,490,3,0,G,HN,EIE
H3H491,491,3,0,H,HN,EIE
H3H492,492,3,0,H,HN,EIE
H3H493,493,3,0,H,HN,EIE
H3H494,494,3,0,H,HN,EIE
H3H495,495,3,0,H,HN,EIE
H3H496,496,3,0,H,HN,EIE
H3H497,497,3,0,H,HN,EIE
H3H498,498,3,0,H,HN,EIE
H3H499,499,3,0,H,HN,EIE
H3H500,500,3,0,H,HN,EIE
H3H501,501,3,0,H,HN,EIE
H3H502,502,3,0,H,HN,EIE
H3H503,503,3,0,H,HN,EIE
H3H504,504,3,0,H,HN,EIE
H3H505,505,3,0,H,HN,EIE
H3H506,506,3,0,H,HN,EIE
H3H507,507,3,0,H,HN,EIE
H3H508,508,3,0,H,HN,EIE
H3H509,509,3,0,H,HN,EIE
H3H510,510,3,0,H,HN,EIE
I0C081,81,0,0,C,IS,CS
I0C082,82,0,0,C,IS,CS
I0C083,83,0,0,C,IS,CS
I0C084,84,0,0,C,IS,CS
I0C085,85,0,0,C,IS,CS
I0C086,86,0,0,C,IS,CS
I0C087,87,0,0,C,IS,CS
I0C088,88,0,0,C,IS,CS
I0C089,89,0,0,C,IS,CS
I0C090,90,0,0,C,IS,CS
I0C091,91,0,0,C,IS,CS
I0C092,92,0,0,C,IS,CS
I0C093,93,0,0,C,IS,CS
I0C094,94,0,0,C,IS,CS
I0C095,95,0,0,C,IS,CS
I0C096,96,0,0,C,IS,CS
I0C097,97,0,0,C,IS,CS
I0C098,98,0,0,C,IS,CS
I0C099,99,0,0,C,IS,CS
I0C100,100,0,0,C,IS,CS
I0C101,101,0,0,C,IS,CS
I0C102,102,0,0,C,IS,CS
I0C103,103,0,0,C,IS,CS
I0C104,104,0,0,C,IS,CS
I0C105,105,0,0,C,IS,CS
I0C106,106,0,0,C,IS,CS
I0C107,107,0,0,C,IS,CS
I0C108,108,0,0,C,IS,CS
I0C109,109,0,0,C,IS,CS
I0C110,110,0,0,C,IS,CS
I0C111,111,0,0,C,IS,CS
I0C112,112,0,0,C,IS,CS
I0C113,113,0,0,C,IS,CS
I0C114,114,0,0,C,IS,CS
I0C115,115,0,0,C,IS,CS
I0C116,116,0,0,C,IS,CS
I0C117,117,0,0,C,IS,CS
I0C118,118,0,0,C,IS,CS
I0C119,119,0,0,C,IS,CS
I0C120,120,0,0,C,IS,CS
I0C121,121,0,0,C,IS,CS
I0C122,122,0,0,C,IS,CS
I0C123,123,0,0,C,IS,CS
I0C124,124,0,0,C,IS,CS
I0C125,125,0,0,C,IS,CS
I0C126,126,0,0,C,IS,CS
I0C127,127,0,0,C,IS,CS
I0C128,128,0,0,C,IS,CS
I0C129,129,0,0,C,IS,CS
I0C130,130,0,0,C,IS,CS
I0C131,131,0,0,C,IS,CS
I0C132,132,0,0,C,IS,CS
I0C133,133,0,0,C,IS,CS
I0C134,134,0,0,C,IS,CS
I0C135,135,0,0,C,IS,CS
I0C136,136,0,0,C,IS,CS
I0C137,137,0,0,C,IS,CS
I0C138,138,0,0,C,IS,CS
I0C139,139,0,0,C,IS,CS
I0C140,140,0,0,C,IS,CS
I0C141,141,0,0,C,IS,CS
I0C142,142,0,0,C,IS,CS
I0C143,143,0,0,C,IS,CS
I0C144,144,0,0,C,IS,CS
I0C145,145,0,0,C,IS,CS
I0C146,146,0,0,C,IS,CS
I0C147,147,0,0,C,IS,CS
I0C148,148,0,0,C,IS,CS
I0C149,149,0,0,C,IS,CS
I0C150,150,0,0,C,IS,CS
I0C151,151,0,0,C,IS,CS
I0C152,152,0,0,C,IS,CS
I0C153,153,0,0,C,IS,CS
I0C154,154,0,0,C,IS,CS
I0C155,155,0,0,C,IS,CS
I0C156,156,0,0,C,IS,CS
I0C157,157,0,0,C,IS,CS
I0C158,158,0,0,C,IS,CS
I0C159,159,0,0,C,IS,CS
I0C160,160,0,0,C,IS,CS
I0C161,161,0,0,C,IS,CS
I0C162,162,0,0,C,IS,CS
I0C163,163,0,0,C,IS,CS
I0C164,164,0,0,C,IS,CS
I0C165,165,0,0,C,IS,CS
I0C166,166,0,0,C,IS,CS
I0C167,167,0,0,C,IS,CS
I0C168,168,0,0,C,IS,CS
I0C169,169,0,0,C,IS,CS
I0C170,170,0,0,C,IS,CS
I0E171,171,0,0,E,IS,CS
I0E172,172,0,0,E,IS,CS
I0E173,173,0,0,E,IS,CS
I0E174,174,0,0,E,IS,CS
I0E175,175,0,0,E,IS,CS
I0E176,176,0,0,E,IS,CS
I0E177,177,0,0,E,IS,CS
I0E178,178,0,0,E,IS,CS
I0E179,179,0,0,E,IS,CS
I0E180,180,0,0,E,IS,CS
I0E181,181,0,0,E,IS,CS
I0E182,182,0,0,E,IS,CS
I0E183,183,0,0,E,IS,CS
I0E184,184,0,0,E,IS,CS
I0E185,185,0,0,E,IS,CS
I0E186,186,0,0,E,IS,CS
I0E187,187,0,0,E,IS,CS
I0E188,188,0,0,E,IS,CS
I0E189,189,0,0,E,IS,CS
I0E190,190,0,0,E,IS,CS
I0F191,191,0,0,F,IS,CS
I0F192,192,0,0,F,IS,CS
I0F193,193,0,0,F,IS,CS
I0F194,194,0,0,F,IS,CS
I0F195,195,0,0,F,IS,CS
I0F196,196,0,0,F,IS,CS
I0F197,197,0,0,F,IS,CS
I0F198,198,0,0,F,IS,CS
I0F199,199,0,0,F,IS,CS
I0F200,200,0,0,F,IS,CS
I0F201,201,0,0,F,IS,CS
I0F202,202,0,0,F,IS,CS
I0F203,203,0,0,F,IS,CS
I0F204,204,0,0,F,IS,CS
I0F205,205,0,0,F,IS,CS
I0F206,206,0,0,F,IS,CS
I0F207,207,0,0,F,IS,CS
I0F208,208,0,0,F,IS,CS
I0F209,209,0,0,F,IS,CS
I0F210,210,0,0,F,IS,CS
I0F211,211,0,0,F,IS,CS
I0F212,212,0,0,F,IS,CS
I0F213,213,0,0,F,IS,CS
I0F214,214,0,0,F,IS,CS
I0F215,215,0,0,F,IS,CS
I0F216,216,0,0,F,IS,CS
I0F217,217,0,0,F,IS,CS
I0F218,218,0,0,F,IS,CS
I0F219,219,0,0,F,IS,CS
I0F220,220,0,0,F,IS,CS
I1A001,1,1,0,A,IS,CS
I1A002,2,1,0,A,IS,CS
I1A003,3,1,0,A,IS,CS
I1A004,4,1,0,A,IS,CS
I1A005,5,1,0,A,IS,CS
I1A006,6,1,0,A,IS,CS
I1A007,7,1,0,A,IS,CS
I1A008,8,1,0,A,IS,CS
I1A009,9,1,0,A,IS,CS
I1A010,10,1,0,A,IS,CS
I1A011,11,1,0,A,IS,CS
I1A012,12,1,0,A,IS,CS
I1A013,13,1,0,A,IS,CS
I1A014,14,1,0,A,IS,CS
I1A015,15,1,0,A,IS,CS
I1A016,16,1,0,A,IS,CS
I1A017,17,1,0,A,IS,CS
I1A018,18,1,0,A,IS,CS
I1A019,19,1,0,A,IS,CS
I1A020,20,1,0,A,IS,CS
I1A021,21,1,0,A,IS,CS
I1A022,22,1,0,A,IS,CS
I1A023,23,1,0,A,IS,CS
I1A024,24,1,0,A,IS,CS
I1A025,25,1,0,A,IS,CS
I1A026,26,1,0,A,IS,CS
I1A027,27,1,0,A,IS,CS
I1A028,28,1,0,A,IS,CS
I1A029,29,1,0,A,IS,CS
I1A030,30,1,0,A,IS,CS
I2B041,41,2,0,B,IS,CS
I2B042,42,2,0,B,IS,CS
I2B043,43,2,0,B,IS,CS
I2B044,44,2,0,B,IS,CS
I2B045,45,2,0,B,IS,CS
I2B046,46,2,0,B,IS,CS
I2B047,47,2,0,B,IS,CS
I2B048,48,2,0,B,IS,CS
I2B049,49,2,0,B,IS,CS
I2B050,50,2,0,B,IS,CS
I2B051,51,2,0,B,IS,CS
I2B052,52,2,0,B,IS,CS
I2B053,53,2,0,B,IS,CS
I2B054,54,2,0,B,IS,CS
I2B055,55,2,0,B,IS,CS
I2B056,56,2,0,B,IS,CS
I2B057,57,2,0,B,IS,CS
I2B058,58,2,0,B,IS,CS
I2B059,59,2,0,B,IS,CS
I2B060,60,2,0,B,IS,CS
I2B061,61,2,0,B,IS,CS
I2B062,62,2,0,B,IS,CS
I2B063,63,2,0,B,IS,CS
I2B064,64,2,0,B,IS,CS
I2B065,65,2,0,B,IS,CS
I2B066,66,2,0,B,IS,CS
I2B067,67,2,0,B,IS,CS
I2B068,68,2,0,B,IS,CS
I2B069,69,2,0,B,IS,CS
I2B070,70,2,0,B,IS,CS
I2B071,71,2,0,B,IS,CS
I2B072,72,2,0,B,IS,CS
I2B073,73,2,0,B,IS,CS
I2B074,74,2,0,B,IS,CS
I2B075,75,2,0,B,IS,CS
I2B076,76,2,0,B,IS,CS
I2B077,77,2,0,B,IS,CS
I2B078,78,2,0,B,IS,CS
I2B079,79,2,0,B,IS,CS
I2B080,80,2,0,B,IS,CS
I2B081,81,2,0,B,IS,CS
I2B082,82,2,0,B,IS,CS
I2B083,83,2,0,B,IS,CS
I2B084,84,2,0,B,IS,CS
I2B085,85,2,0,B,IS,CS
I2B086,86,2,0,B,IS,CS
I2B087,87,2,0,B,IS,CS
I2B088,88,2,0,B,IS,CS
I2B089,89,2,0,B,IS,CS
I2B090,90,2,0,B,IS,CS
I2B091,91,2,0,B,IS,CS
I2B092,92,2,0,B,IS,CS
I2B093,93,2,0,B,IS,CS
I2B094,94,2,0,B,IS,CS
I2B095,95,2,0,B,IS,CS
I2B096,96,2,0,B,IS,CS
I2B097,97,2,0,B,IS,CS
I2B098,98,2,0,B,IS,CS
I2B099,99,2,0,B,IS,CS
I2B100,100,2,0,B,IS,CS
I2C101,101,2,0,C,IS,CS
I2C102,102,2,0,C,IS,CS
I2C103,103,2,0,C,IS,CS
I2C104,104,2,0,C,IS,CS
I2C105,105,2,0,C,IS,CS
I2C106,106,2,0,C,IS,CS
I2C107,107,2,0,C,IS,CS
I2C108,108,2,0,C,IS,CS
I2C109,109,2,0,C,IS,CS
I2C110,110,2,0,C,IS,CS
I2C111,111,2,0,C,IS,CS
I2C112,112,2,0,C,IS,CS
I2C113,113,2,0,C,IS,CS
I2C114,114,2,0,C,IS,CS
I2C115,115,2,0,C,IS,CS
I2C116,116,2,0,C,IS,CS
I2C117,117,2,0,C,IS,CS
I2C118,118,2,0,C,IS,CS
I2C119,119,2,0,C,IS,CS
I2C120,120,2,0,C,IS,CS
I2C121,121,2,0,C,IS,CS
I2C122,122,2,0,C,IS,CS
I2C123,123,2,0,C,IS,CS
I2C124,124,2,0,C,IS,CS
I2C125,125,2,0,C,IS,CS
I2C126,126,2,0,C,IS,CS
I2C127,127,2,0,C,IS,CS
I2C128,128,2,0,C,IS,CS
I2C129,129,2,0,C,IS,CS
I2C130,130,2,0,C,IS,CS
I2C131,131,2,0,C,IS,CS
I2C132,132,2,0,C,IS,CS
I2C133,133,2,0,C,IS,CS
I2C134,134,2,0,C,IS,CS
I2C135,135,2,0,C,IS,CS
I2C136,136,2,0,C,IS,CS
I2C137,137,2,0,C,IS,CS
I2C138,138,2,0,C,IS,CS
I2C139,139,2,0,C,IS,CS
I2C140,140,2,0,C,IS,CS
I2D141,141,2,0,D,IS,CS
I2D142,142,2,0,D,IS,CS
I2D143,143,2,0,D,IS,CS
I2D144,144,2,0,D,IS,CS
I2D145,145,2,0,D,IS,CS
I2D146,146,2,0,D,IS,CS
I2D147,147,2,0,D,IS,CS
I2D148,148,2,0,D,IS,CS
I2D149,149,2,0,D,IS,CS
I2D150,150,2,0,D,IS,CS
I2D151,151,2,0,D,IS,CS
I2D152,152,2,0,D,IS,CS
I2D153,153,2,0,D,IS,CS
I2D154,154,2,0,D,IS,CS
I2D155,155,2,0,D,IS,CS
I2D156,156,2,0,D,IS,CS
I2D157,157,2,0,D,IS,CS
I2D158,158,2,0,D,IS,CS
I2D159,159,2,0,D,IS,CS
I2D160,160,2,0,D,IS,CS
I2D161,161,2,0,D,IS,CS
I2D162,162,2,0,D,IS,CS
I2D163,163,2,0,D,IS,CS
I2D164,164,2,0,D,IS,CS
I2D165,165,2,0,D,IS,CS
I2D166,166,2,0,D,IS,CS
I2D167,167,2,0,D,IS,CS
I2D168,168,2,0,D,IS,CS
I2D169,169,2,0,D,IS,CS
I2D170,170,2,0,D,IS,CS
I2E171,171,2,0,E,IS,CS
I2E172,172,2,0,E,IS,CS
I2E173,173,2,0,E,IS,CS
I2E174,174,2,0,E,IS,CS
I2E175,175,2,0,E,IS,CS
I2E176,176,2,0,E,IS,CS
I2E177,177,2,0,E,IS,CS
I2E178,178,2,0,E,IS,CS
I2E179,179,2,0,E,IS,CS
I2E180,180,2,0,E,IS,CS
I2E181,181,2,0,E,IS,CS
I2E182,182,2,0,E,IS,CS
I2E183,183,2,0,E,IS,CS
I2E184,184,2,0,E,IS,CS
I2E185,185,2,0,E,IS,CS
I2E186,186,2,0,E,IS,CS
I2E187,187,2,0,E,IS,CS
I2E188,188,2,0,E,IS,CS
I2E189,189,2,0,E,IS,CS
I2E190,190,2,0,E,IS,CS
I2E191,191,2,0,E,IS,CS
I2E192,192,2,0,E,IS,CS
I2E193,193,2,0,E,IS,CS
I2E194,194,2,0,E,IS,CS
I2E195,195,2,0,E,IS,CS
I2E196,196,2,0,E,IS,CS
I2E197,197,2,0,E,IS,CS
I2E198,198,2,0,E,IS,CS
I2E199,199,2,0,E,IS,CS
I2E200,200,2,0,E,IS,CS
I3A021,21,3,0,A,IS,CS
I3A022,22,3,0,A,IS,CS
I3A023,23,3,0,A,IS,CS
I3A024,24,3,0,A,IS,CS
I3A025,25,3,0,A,IS,CS
I3A026,26,3,0,A,IS,CS
I3A027,27,3,0,A,IS,CS
I3A028,28,3,0,A,IS,CS
I3A029,29,3,0,A,IS,CS
I3A030,30,3,0,A,IS,CS
I3A031,31,3,0,A,IS,CS
I3A032,32,3,0,A,IS,CS
I3A033,33,3,0,A,IS,CS
I3A034,34,3,0,A,IS,CS
I3A035,35,3,0,A,IS,CS
I3A036,36,3,0,A,IS,CS
I3A037,37,3,0,A,IS,CS
I3A038,38,3,0,A,IS,CS
I3A039,39,3,0,A,IS,CS
I3A040,40,3,0,A,IS,CS
I3B041,41,3,0,A,IS,CS
I3B042,42,3,0,A,IS,CS
I3B043,43,3,0,A,IS,CS
I3B044,44,3,0,A,IS,CS
I3B045,45,3,0,A,IS,CS
I3B046,46,3,0,A,IS,CS
I3B047,47,3,0,A,IS,CS
I3B048,48,3,0,A,IS,CS
I3B049,49,3,0,A,IS,CS
I3B050,50,3,0,A,IS,CS
I3B051,51,3,0,A,IS,CS
I3B052,52,3,0,A,IS,CS
I3B053,53,3,0,A,IS,CS
I3B054,54,3,0,A,IS,CS
I3B055,55,3,0,A,IS,CS
I3B056,56,3,0,A,IS,CS
I3B057,57,3,0,A,IS,CS
I3B058,58,3,0,A,IS,CS
I3B059,59,3,0,A,IS,CS
I3B060,60,3,0,A,IS,CS
I3B061,61,3,0,A,IS,CS
I3B062,62,3,0,A,IS,CS
I3B063,63,3,0,A,IS,CS
I3B064,64,3,0,A,IS,CS
I3B065,65,3,0,A,IS,CS
I3B066,66,3,0,A,IS,CS
I3B067,67,3,0,A,IS,CS
I3B068,68,3,0,A,IS,CS
I3B069,69,3,0,A,IS,CS
I3B070,70,3,0,A,IS,CS
I3B071,71,3,0,A,IS,CS
I3B072,72,3,0,A,IS,CS
I3B073,73,3,0,A,IS,CS
I3B074,74,3,0,A,IS,CS
I3B075,75,3,0,A,IS,CS
I3B076,76,3,0,A,IS,CS
I3B077,77,3,0,A,IS,CS
I3B078,78,3,0,A,IS,CS
I3B079,79,3,0,A,IS,CS
I3B080,80,3,0,A,IS,CS
I3B081,81,3,0,A,IS,CS
I3B082,82,3,0,A,IS,CS
I3B083,83,3,0,A,IS,CS
I3B084,84,3,0,A,IS,CS
I3B085,85,3,0,A,IS,CS
I3B086,86,3,0,A,IS,CS
I3B087,87,3,0,A,IS,CS
I3B088,88,3,0,A,IS,CS
I3B089,89,3,0,A,IS,CS
I3B090,90,3,0,A,IS,CS
I3B091,91,3,0,A,IS,CS
I3B092,92,3,0,A,IS,CS
I3B093,93,3,0,A,IS,CS
I3B094,94,3,0,A,IS,CS
I3B095,95,3,0,A,IS,CS
I3B096,96,3,0,A,IS,CS
I3B097,97,3,0,A,IS,CS
I3B098,98,3,0,A,IS,CS
I3B099,99,3,0,A,IS,CS
I3B100,100,3,0,A,IS,CS
I0A001,1,0,0,A,IS,GM
I0A002,2,0,0,A,IS,GM
I0A003,3,0,0,A,IS,GM
I0A004,4,0,0,A,IS,GM
I0A005,5,0,0,A,IS,GM
I0A006,6,0,0,A,IS,GM
I0A007,7,0,0,A,IS,GM
I0A008,8,0,0,A,IS,GM
I0A009,9,0,0,A,IS,GM
I0A010,10,0,0,A,IS,GM
I0A011,11,0,0,A,IS,GM
I0A012,12,0,0,A,IS,GM
I0A013,13,0,0,A,IS,GM
I0A014,14,0,0,A,IS,GM
I0A015,15,0,0,A,IS,GM
I0A016,16,0,0,A,IS,GM
I0A017,17,0,0,A,IS,GM
I0A018,18,0,0,A,IS,GM
I0A019,19,0,0,A,IS,GM
I0A020,20,0,0,A,IS,GM
I0A021,21,0,0,A,IS,GM
I0A022,22,0,0,A,IS,GM
I0A023,23,0,0,A,IS,GM
I0A024,24,0,0,A,IS,GM
I0A025,25,0,0,A,IS,GM
I0A026,26,0,0,A,IS,GM
I0A027,27,0,0,A,IS,GM
I0A028,28,0,0,A,IS,GM
I0A029,29,0,0,A,IS,GM
I0A030,30,0,0,A,IS,GM
I0A031,31,0,0,A,IS,GM
I0A032,32,0,0,A,IS,GM
I0A033,33,0,0,A,IS,GM
I0A034,34,0,0,A,IS,GM
I0A035,35,0,0,A,IS,GM
I0A036,36,0,0,A,IS,GM
I0A037,37,0,0,A,IS,GM
I0A038,38,0,0,A,IS,GM
I0A039,39,0,0,A,IS,GM
I0A040,40,0,0,A,IS,GM
I0A041,41,0,0,A,IS,GM
I0A042,42,0,0,A,IS,GM
I0A043,43,0,0,A,IS,GM
I0A044,44,0,0,A,IS,GM
I0A045,45,0,0,A,IS,GM
I0A046,46,0,0,A,IS,GM
I0A047,47,0,0,A,IS,GM
I0A048,48,0,0,A,IS,GM
I0A049,49,0,0,A,IS,GM
I0A050,50,0,0,A,IS,GM
I0A051,51,0,0,A,IS,GM
I0A052,52,0,0,A,IS,GM
I0A053,53,0,0,A,IS,GM
I0A054,54,0,0,A,IS,GM
I0A055,55,0,0,A,IS,GM
I0A056,56,0,0,A,IS,GM
I0A057,57,0,0,A,IS,GM
I0A058,58,0,0,A,IS,GM
I0A059,59,0,0,A,IS,GM
I0A060,60,0,0,A,IS,GM
I4C101,101,4,0,C,IS,GM
I4C102,102,4,0,C,IS,GM
I4C103,103,4,0,C,IS,GM
I4C104,104,4,0,C,IS,GM
I4C105,105,4,0,C,IS,GM
I4C106,106,4,0,C,IS,GM
I4C107,107,4,0,C,IS,GM
I4C108,108,4,0,C,IS,GM
I4C109,109,4,0,C,IS,GM
I4C110,110,4,0,C,IS,GM
I4C111,111,4,0,C,IS,GM
I4C112,112,4,0,C,IS,GM
I4C113,113,4,0,C,IS,GM
I4C114,114,4,0,C,IS,GM
I4C115,115,4,0,C,IS,GM
I4C116,116,4,0,C,IS,GM
I4C117,117,4,0,C,IS,GM
I4C118,118,4,0,C,IS,GM
I4C119,119,4,0,C,IS,GM
I4C120,120,4,0,C,IS,GM
I4C121,121,4,0,C,IS,GM
I4C122,122,4,0,C,IS,GM
I4C123,123,4,0,C,IS,GM
I4C124,124,4,0,C,IS,GM
I4C125,125,4,0,C,IS,GM
I4C126,126,4,0,C,IS,GM
I4C127,127,4,0,C,IS,GM
I4C128,128,4,0,C,IS,GM
I4C129,129,4,0,C,IS,GM
I4C130,130,4,0,C,IS,GM
I4C131,131,4,0,C,IS,GM
I4C132,132,4,0,C,IS,GM
I4C133,133,4,0,C,IS,GM
I4C134,134,4,0,C,IS,GM
I4C135,135,4,0,C,IS,GM
I4C136,136,4,0,C,IS,GM
I4C137,137,4,0,C,IS,GM
I4C138,138,4,0,C,IS,GM
I4C139,139,4,0,C,IS,GM
I4C140,140,4,0,C,IS,GM
I5E001,1,5,0,E,IS,GM
I5E002,2,5,0,E,IS,GM
I5E003,3,5,0,E,IS,GM
I5E004,4,5,0,E,IS,GM
I5E005,5,5,0,E,IS,GM
I5E006,6,5,0,E,IS,GM
I5E007,7,5,0,E,IS,GM
I5E008,8,5,0,E,IS,GM
I5E009,9,5,0,E,IS,GM
I5E010,10,5,0,E,IS,GM
I5E011,11,5,0,E,IS,GM
I5E012,12,5,0,E,IS,GM
I5E013,13,5,0,E,IS,GM
I5E014,14,5,0,E,IS,GM
I5E015,15,5,0,E,IS,GM
I5E016,16,5,0,E,IS,GM
I5E017,17,5,0,E,IS,GM
I5E018,18,5,0,E,IS,GM
I5E019,19,5,0,E,IS,GM
I5E020,20,5,0,E,IS,GM
I5E021,21,5,0,E,IS,GM
I5E022,22,5,0,E,IS,GM
I5E023,23,5,0,E,IS,GM
I5E024,24,5,0,E,IS,GM
I5E025,25,5,0,E,IS,GM
I5E026,26,5,0,E,IS,GM
I5E027,27,5,0,E,IS,GM
I5E028,28,5,0,E,IS,GM
I5E029,29,5,0,E,IS,GM
I5E030,30,5,0,E,IS,GM
I5E031,31,5,0,E,IS,GM
I5E032,32,5,0,E,IS,GM
I5E033,33,5,0,E,IS,GM
I5E034,34,5,0,E,IS,GM
I5E035,35,5,0,E,IS,GM
I5E036,36,5,0,E,IS,GM
I5E037,37,5,0,E,IS,GM
I5E038,38,5,0,E,IS,GM
I5E039,39,5,0,E,IS,GM
I5E040,40,5,0,E,IS,GM
I5F041,41,5,0,F,IS,GM
I5F042,42,5,0,F,IS,GM
I5F043,43,5,0,F,IS,GM
I5F044,44,5,0,F,IS,GM
I5F045,45,5,0,F,IS,GM
I5F046,46,5,0,F,IS,GM
I5F047,47,5,0,F,IS,GM
I5F048,48,5,0,F,IS,GM
I5F049,49,5,0,F,IS,GM
I5F050,50,5,0,F,IS,GM
I5F051,51,5,0,F,IS,GM
I5F052,52,5,0,F,IS,GM
I5F053,53,5,0,F,IS,GM
I5F054,54,5,0,F,IS,GM
I5F055,55,5,0,F,IS,GM
I5F056,56,5,0,F,IS,GM
I5F057,57,5,0,F,IS,GM
I5F058,58,5,0,F,IS,GM
I5F059,59,5,0,F,IS,GM
I5F060,60,5,0,F,IS,GM
I5F061,61,5,0,F,IS,GM
I5F062,62,5,0,F,IS,GM
I5F063,63,5,0,F,IS,GM
I5F064,64,5,0,F,IS,GM
I5F065,65,5,0,F,IS,GM
I5F066,66,5,0,F,IS,GM
I5F067,67,5,0,F,IS,GM
I5F068,68,5,0,F,IS,GM
I5F069,69,5,0,F,IS,GM
I5F070,70,5,0,F,IS,GM
I5G071,71,5,0,G,IS,GM
I5G072,72,5,0,G,IS,GM
I5G073,73,5,0,G,IS,GM
I5G074,74,5,0,G,IS,GM
I5G075,75,5,0,G,IS,GM
I5G076,76,5,0,G,IS,GM
I5G077,77,5,0,G,IS,GM
I5G078,78,5,0,G,IS,GM
I5G079,79,5,0,G,IS,GM
I5G080,80,5,0,G,IS,GM
I5G081,81,5,0,G,IS,GM
I5G082,82,5,0,G,IS,GM
I5G083,83,5,0,G,IS,GM
I5G084,84,5,0,G,IS,GM
I5G085,85,5,0,G,IS,GM
I5G086,86,5,0,G,IS,GM
I5G087,87,5,0,G,IS,GM
I5G088,88,5,0,G,IS,GM
I5G089,89,5,0,G,IS,GM
I5G090,90,5,0,G,IS,GM
I5G091,91,5,0,G,IS,GM
I5G092,92,5,0,G,IS,GM
I5G093,93,5,0,G,IS,GM
I5G094,94,5,0,G,IS,GM
I5G095,95,5,0,G,IS,GM
I5G096,96,5,0,G,IS,GM
I5G097,97,5,0,G,IS,GM
I5G098,98,5,0,G,IS,GM
I5G099,99,5,0,G,IS,GM
I5G100,100,5,0,G,IS,GM
I5H101,101,5,0,H,IS,GM
I5H102,102,5,0,H,IS,GM
I5H103,103,5,0,H,IS,GM
I5H104,104,5,0,H,IS,GM
I5H105,105,5,0,H,IS,GM
I5H106,106,5,0,H,IS,GM
I5H107,107,5,0,H,IS,GM
I5H108,108,5,0,H,IS,GM
I5H109,109,5,0,H,IS,GM
I5H110,110,5,0,H,IS,GM
I5H111,111,5,0,H,IS,GM
I5H112,112,5,0,H,IS,GM
I5H113,113,5,0,H,IS,GM
I5H114,114,5,0,H,IS,GM
I5H115,115,5,0,H,IS,GM
I5H116,116,5,0,H,IS,GM
I5H117,117,5,0,H,IS,GM
I5H118,118,5,0,H,IS,GM
I5H119,119,5,0,H,IS,GM
I5H120,120,5,0,H,IS,GM
I5H121,121,5,0,H,IS,GM
I5H122,122,5,0,H,IS,GM
I5H123,123,5,0,H,IS,GM
I5H124,124,5,0,H,IS,GM
I5H125,125,5,0,H,IS,GM
I5H126,126,5,0,H,IS,GM
I5H127,127,5,0,H,IS,GM
I5H128,128,5,0,H,IS,GM
I5H129,129,5,0,H,IS,GM
I5H130,130,5,0,H,IS,GM
I5H131,131,5,0,H,IS,GM
I5H132,132,5,0,H,IS,GM
I5H133,133,5,0,H,IS,GM
I5H134,134,5,0,H,IS,GM
I5H135,135,5,0,H,IS,GM
I5H136,136,5,0,H,IS,GM
I5H137,137,5,0,H,IS,GM
I5H138,138,5,0,H,IS,GM
I5H139,139,5,0,H,IS,GM
I5H140,140,5,0,H,IS,GM
I6I051,51,6,0,I,IS,GM
I6I052,52,6,0,I,IS,GM
I6I053,53,6,0,I,IS,GM
I6I054,54,6,0,I,IS,GM
I6I055,55,6,0,I,IS,GM
I6I056,56,6,0,I,IS,GM
I6I057,57,6,0,I,IS,GM
I6I058,58,6,0,I,IS,GM
I6I059,59,6,0,I,IS,GM
I6I060,60,6,0,I,IS,GM
I6I061,61,6,0,I,IS,GM
I6I062,62,6,0,I,IS,GM
I6I063,63,6,0,I,IS,GM
I6I064,64,6,0,I,IS,GM
I6I065,65,6,0,I,IS,GM
I6I066,66,6,0,I,IS,GM
I6I067,67,6,0,I,IS,GM
I6I068,68,6,0,I,IS,GM
I6I069,69,6,0,I,IS,GM
I6I070,70,6,0,I,IS,GM
I6J071,71,6,0,J,IS,GM
I6J072,72,6,0,J,IS,GM
I6J073,73,6,0,J,IS,GM
I6J074,74,6,0,J,IS,GM
I6J075,75,6,0,J,IS,GM
I6J076,76,6,0,J,IS,GM
I6J077,77,6,0,J,IS,GM
I6J078,78,6,0,J,IS,GM
I6J079,79,6,0,J,IS,GM
I6J080,80,6,0,J,IS,GM
I6J081,81,6,0,J,IS,GM
I6J082,82,6,0,J,IS,GM
I6J083,83,6,0,J,IS,GM
I6J084,84,6,0,J,IS,GM
I6J085,85,6,0,J,IS,GM
I6J086,86,6,0,J,IS,GM
I6J087,87,6,0,J,IS,GM
I6J088,88,6,0,J,IS,GM
I6J089,89,6,0,J,IS,GM
I6J090,90,6,0,J,IS,GM
I6J091,91,6,0,J,IS,GM
I6J092,92,6,0,J,IS,GM
I6J093,93,6,0,J,IS,GM
I6J094,94,6,0,J,IS,GM
I6J095,95,6,0,J,IS,GM
I6J096,96,6,0,J,IS,GM
I6J097,97,6,0,J,IS,GM
I6J098,98,6,0,J,IS,GM
I6J099,99,6,0,J,IS,GM
I6J100,100,6,0,J,IS,GM
I0B061,61,0,0,B,IS,SW
I0B062,62,0,0,B,IS,SW
I0B063,63,0,0,B,IS,SW
I0B064,64,0,0,B,IS,SW
I0B065,65,0,0,B,IS,SW
I0B066,66,0,0,B,IS,SW
I0B067,67,0,0,B,IS,SW
I0B068,68,0,0,B,IS,SW
I0B069,69,0,0,B,IS,SW
I0B070,70,0,0,B,IS,SW
I0B071,71,0,0,B,IS,SW
I0B072,72,0,0,B,IS,SW
I0B073,73,0,0,B,IS,SW
I0B074,74,0,0,B,IS,SW
I0B075,75,0,0,B,IS,SW
I0B076,76,0,0,B,IS,SW
I0B077,77,0,0,B,IS,SW
I0B078,78,0,0,B,IS,SW
I0B079,79,0,0,B,IS,SW
I0B080,80,0,0,B,IS,SW
I0D151,151,0,0,D,IS,SW
I0D152,152,0,0,D,IS,SW
I0D153,153,0,0,D,IS,SW
I0D154,154,0,0,D,IS,SW
I0D155,155,0,0,D,IS,SW
I0D156,156,0,0,D,IS,SW
I0D157,157,0,0,D,IS,SW
I0D158,158,0,0,D,IS,SW
I0D159,159,0,0,D,IS,SW
I0D160,160,0,0,D,IS,SW
I0D161,161,0,0,D,IS,SW
I0D162,162,0,0,D,IS,SW
I0D163,163,0,0,D,IS,SW
I0D164,164,0,0,D,IS,SW
I0D165,165,0,0,D,IS,SW
I0D166,166,0,0,D,IS,SW
I0D167,167,0,0,D,IS,SW
I0D168,168,0,0,D,IS,SW
I0D169,169,0,0,D,IS,SW
I0D170,170,0,0,D,IS,SW
I3A001,1,3,0,A,IS,SW
I3A002,2,3,0,A,IS,SW
I3A003,3,3,0,A,IS,SW
I3A004,4,3,0,A,IS,SW
I3A005,5,3,0,A,IS,SW
I3A006,6,3,0,A,IS,SW
I3A007,7,3,0,A,IS,SW
I3A008,8,3,0,A,IS,SW
I3A009,9,3,0,A,IS,SW
I3A010,10,3,0,A,IS,SW
I3A011,11,3,0,A,IS,SW
I3A012,12,3,0,A,IS,SW
I3A013,13,3,0,A,IS,SW
I3A014,14,3,0,A,IS,SW
I3A015,15,3,0,A,IS,SW
I3A016,16,3,0,A,IS,SW
I3A017,17,3,0,A,IS,SW
I3A018,18,3,0,A,IS,SW
I3A019,19,3,0,A,IS,SW
I3A020,20,3,0,A,IS,SW
I3C101,101,3,0,C,IS,SW
I3C102,102,3,0,C,IS,SW
I3C103,103,3,0,C,IS,SW
I3C104,104,3,0,C,IS,SW
I3C105,105,3,0,C,IS,SW
I3C106,106,3,0,C,IS,SW
I3C107,107,3,0,C,IS,SW
I3C108,108,3,0,C,IS,SW
I3C109,109,3,0,C,IS,SW
I3C110,110,3,0,C,IS,SW
I3C111,111,3,0,C,IS,SW
I3C112,112,3,0,C,IS,SW
I3C113,113,3,0,C,IS,SW
I3C114,114,3,0,C,IS,SW
I3C115,115,3,0,C,IS,SW
I3C116,116,3,0,C,IS,SW
I3C117,117,3,0,C,IS,SW
I3C118,118,3,0,C,IS,SW
I3C119,119,3,0,C,IS,SW
I3C120,120,3,0,C,IS,SW
I3C121,121,3,0,C,IS,SW
I3C122,122,3,0,C,IS,SW
I3C123,123,3,0,C,IS,SW
I3C124,124,3,0,C,IS,SW
I3C125,125,3,0,C,IS,SW
I3C126,126,3,0,C,IS,SW
I3C127,127,3,0,C,IS,SW
I3C128,128,3,0,C,IS,SW
I3C129,129,3,0,C,IS,SW
I3C130,130,3,0,C,IS,SW
I3C131,131,3,0,C,IS,SW
I3C132,132,3,0,C,IS,SW
I3C133,133,3,0,C,IS,SW
I3C134,134,3,0,C,IS,SW
I3C135,135,3,0,C,IS,SW
I3C136,136,3,0,C,IS,SW
I3C137,137,3,0,C,IS,SW
I3C138,138,3,0,C,IS,SW
I3C139,139,3,0,C,IS,SW
I3C140,140,3,0,D,IS,SW
I3D141,141,3,0,D,IS,SW
I3D142,142,3,0,D,IS,SW
I3D143,143,3,0,D,IS,SW
I3D144,144,3,0,D,IS,SW
I3D145,145,3,0,D,IS,SW
I3D146,146,3,0,D,IS,SW
I3D147,147,3,0,D,IS,SW
I3D148,148,3,0,D,IS,SW
I3D149,149,3,0,D,IS,SW
I3D150,150,3,0,D,IS,SW
I3D151,151,3,0,D,IS,SW
I3D152,152,3,0,D,IS,SW
I3D153,153,3,0,D,IS,SW
I3D154,154,3,0,D,IS,SW
I3D155,155,3,0,D,IS,SW
I3D156,156,3,0,D,IS,SW
I3D157,157,3,0,D,IS,SW
I3D158,158,3,0,D,IS,SW
I3D159,159,3,0,D,IS,SW
I3D160,160,3,0,D,IS,SW
I3D161,161,3,0,D,IS,SW
I3D162,162,3,0,D,IS,SW
I3D163,163,3,0,D,IS,SW
I3D164,164,3,0,D,IS,SW
I3D165,165,3,0,D,IS,SW
I3D166,166,3,0,D,IS,SW
I3D167,167,3,0,D,IS,SW
I3D168,168,3,0,D,IS,SW
I3D169,169,3,0,D,IS,SW
I3D170,170,3,0,D,IS,SW
I3E171,171,3,0,E,IS,SW
I3E172,172,3,0,E,IS,SW
I3E173,173,3,0,E,IS,SW
I3E174,174,3,0,E,IS,SW
I3E175,175,3,0,E,IS,SW
I3E176,176,3,0,E,IS,SW
I3E177,177,3,0,E,IS,SW
I3E178,178,3,0,E,IS,SW
I3E179,179,3,0,E,IS,SW
I3E180,180,3,0,E,IS,SW
I3E181,181,3,0,E,IS,SW
I3E182,182,3,0,E,IS,SW
I3E183,183,3,0,E,IS,SW
I3E184,184,3,0,E,IS,SW
I3E185,185,3,0,E,IS,SW
I3E186,186,3,0,E,IS,SW
I3E187,187,3,0,E,IS,SW
I3E188,188,3,0,E,IS,SW
I3E189,189,3,0,E,IS,SW
I3E190,190,3,0,E,IS,SW
I3E191,191,3,0,E,IS,SW
I3E192,192,3,0,E,IS,SW
I3E193,193,3,0,E,IS,SW
I3E194,194,3,0,E,IS,SW
I3E195,195,3,0,E,IS,SW
I3E196,196,3,0,E,IS,SW
I3E197,197,3,0,E,IS,SW
I3E198,198,3,0,E,IS,SW
I3E199,199,3,0,E,IS,SW
I3E200,200,3,0,E,IS,SW
I4A001,1,4,0,A,IS,SW
I4A002,2,4,0,A,IS,SW
I4A003,3,4,0,A,IS,SW
I4A004,4,4,0,A,IS,SW
I4A005,5,4,0,A,IS,SW
I4A006,6,4,0,A,IS,SW
I4A007,7,4,0,A,IS,SW
I4A008,8,4,0,A,IS,SW
I4A009,9,4,0,A,IS,SW
I4A010,10,4,0,A,IS,SW
I4A011,11,4,0,A,IS,SW
I4A012,12,4,0,A,IS,SW
I4A013,13,4,0,A,IS,SW
I4A014,14,4,0,A,IS,SW
I4A015,15,4,0,A,IS,SW
I4A016,16,4,0,A,IS,SW
I4A017,17,4,0,A,IS,SW
I4A018,18,4,0,A,IS,SW
I4A019,19,4,0,A,IS,SW
I4A020,20,4,0,A,IS,SW
I4A021,21,4,0,A,IS,SW
I4A022,22,4,0,A,IS,SW
I4A023,23,4,0,A,IS,SW
I4A024,24,4,0,A,IS,SW
I4A025,25,4,0,A,IS,SW
I4A026,26,4,0,A,IS,SW
I4A027,27,4,0,A,IS,SW
I4A028,28,4,0,A,IS,SW
I4A029,29,4,0,A,IS,SW
I4A030,30,4,0,A,IS,SW
I4A031,31,4,0,A,IS,SW
I4A032,32,4,0,A,IS,SW
I4A033,33,4,0,A,IS,SW
I4A034,34,4,0,A,IS,SW
I4A035,35,4,0,A,IS,SW
I4A036,36,4,0,A,IS,SW
I4A037,37,4,0,A,IS,SW
I4A038,38,4,0,A,IS,SW
I4A039,39,4,0,A,IS,SW
I4A040,40,4,0,A,IS,SW
I4A041,41,4,0,A,IS,SW
I4A042,42,4,0,A,IS,SW
I4A043,43,4,0,A,IS,SW
I4A044,44,4,0,A,IS,SW
I4A045,45,4,0,A,IS,SW
I4A046,46,4,0,A,IS,SW
I4A047,47,4,0,A,IS,SW
I4A048,48,4,0,A,IS,SW
I4A049,49,4,0,A,IS,SW
I4A050,50,4,0,A,IS,SW
I4A051,51,4,0,A,IS,SW
I4A052,52,4,0,A,IS,SW
I4A053,53,4,0,A,IS,SW
I4A054,54,4,0,A,IS,SW
I4A055,55,4,0,A,IS,SW
I4A056,56,4,0,A,IS,SW
I4A057,57,4,0,A,IS,SW
I4A058,58,4,0,A,IS,SW
I4A059,59,4,0,A,IS,SW
I4A060,60,4,0,A,IS,SW
I4A061,61,4,0,A,IS,SW
I4A062,62,4,0,A,IS,SW
I4A063,63,4,0,A,IS,SW
I4A064,64,4,0,A,IS,SW
I4A065,65,4,0,A,IS,SW
I4A066,66,4,0,A,IS,SW
I4A067,67,4,0,A,IS,SW
I4A068,68,4,0,A,IS,SW
I4A069,69,4,0,A,IS,SW
I4A070,70,4,0,A,IS,SW
I4A071,71,4,0,A,IS,SW
I4A072,72,4,0,A,IS,SW
I4A073,73,4,0,A,IS,SW
I4A074,74,4,0,A,IS,SW
I4A075,75,4,0,A,IS,SW
I4A076,76,4,0,A,IS,SW
I4A077,77,4,0,A,IS,SW
I4A078,78,4,0,A,IS,SW
I4A079,79,4,0,A,IS,SW
I4A080,80,4,0,A,IS,SW
H0A001,1,0,0,A,HN,AIC
H0A002,2,0,0,A,HN,AIC
H0A003,3,0,0,A,HN,AIC
H0A004,4,0,0,A,HN,AIC
H0A005,5,0,0,A,HN,AIC
H0A006,6,0,0,A,HN,AIC
H0A007,7,0,0,A,HN,AIC
H0A008,8,0,0,A,HN,AIC
H0A009,9,0,0,A,HN,AIC
H0A010,10,0,0,A,HN,AIC
H0A011,11,0,0,A,HN,AIC
H0A012,12,0,0,A,HN,AIC
H0A013,13,0,0,A,HN,AIC
H0A014,14,0,0,A,HN,AIC
H0A015,15,0,0,A,HN,AIC
H0A016,16,0,0,A,HN,AIC
H0A017,17,0,0,A,HN,AIC
H0A018,18,0,0,A,HN,AIC
H0A019,19,0,0,A,HN,AIC
H0A020,20,0,0,A,HN,AIC
H4A021,21,4,0,A,HN,AIC
H4A022,22,4,0,A,HN,AIC
H4A023,23,4,0,A,HN,AIC
H4A024,24,4,0,A,HN,AIC
H4A025,25,4,0,A,HN,AIC
H4A026,26,4,0,A,HN,AIC
H4A027,27,4,0,A,HN,AIC
H4A028,28,4,0,A,HN,AIC
H4A029,29,4,0,A,HN,AIC
H4A030,30,4,0,A,HN,AIC
H4A031,31,4,0,A,HN,AIC
H4A032,32,4,0,A,HN,AIC
H4A033,33,4,0,A,HN,AIC
H4A034,34,4,0,A,HN,AIC
H4A035,35,4,0,A,HN,AIC
H4A036,36,4,0,A,HN,AIC
H4A037,37,4,0,A,HN,AIC
H4A038,38,4,0,A,HN,AIC
H4A039,39,4,0,A,HN,AIC
H4A040,40,4,0,A,HN,AIC
H4A041,41,4,0,A,HN,AIC
H4A042,42,4,0,A,HN,AIC
H4A043,43,4,0,A,HN,AIC
H4A044,44,4,0,A,HN,AIC
H4A045,45,4,0,A,HN,AIC
H4A046,46,4,0,A,HN,AIC
H4A047,47,4,0,A,HN,AIC
H4A048,48,4,0,A,HN,AIC
H4A049,49,4,0,A,HN,AIC
H4A050,50,4,0,A,HN,AIC
H4A051,51,4,0,A,HN,AIC
H4A052,52,4,0,A,HN,AIC
H4A053,53,4,0,A,HN,AIC
H4A054,54,4,0,A,HN,AIC
H4A055,55,4,0,A,HN,AIC
H4A056,56,4,0,A,HN,AIC
H4A057,57,4,0,A,HN,AIC
H4A058,58,4,0,A,HN,AIC
H4A059,59,4,0,A,HN,AIC
H4A060,60,4,0,A,HN,AIC
H4A061,61,4,0,A,HN,AIC
H4A062,62,4,0,A,HN,AIC
H4A063,63,4,0,A,HN,AIC
H4A064,64,4,0,A,HN,AIC
H4A065,65,4,0,A,HN,AIC
H4A066,66,4,0,A,HN,AIC
H4A067,67,4,0,A,HN,AIC
H4A068,68,4,0,A,HN,AIC
H4A069,69,4,0,A,HN,AIC
H4A070,70,4,0,A,HN,AIC
H4A071,71,4,0,A,HN,AIC
H4A072,72,4,0,A,HN,AIC
H4A073,73,4,0,A,HN,AIC
H4A074,74,4,0,A,HN,AIC
H4A075,75,4,0,A,HN,AIC
H4A076,76,4,0,A,HN,AIC
H4A077,77,4,0,A,HN,AIC
H4A078,78,4,0,A,HN,AIC
H4A079,79,4,0,A,HN,AIC
H4A080,80,4,0,A,HN,AIC
